--- NAMED RANGES ---,,,
Name,Range (A1 notation),Sheet,
current_prealert_7,Assignment'!D53:D74,Assignment,
ProQA Police'!PD_Response_List,ProQA Police'!C3:C6127,ProQA Police,
init_offset_1,Assignment'!B1,Assignment,
COL_Response_engines,Response'!E1,Response,
TONE_STA12,Sheet26'!G30,Sheet26,
ARFF_3,Current Station Apparatus'!P3:P55,Current Station Apparatus,
COL_running_fmo,RunningOrderFull'!AP1,RunningOrderFull,
user_np_1,Matrix 1'!C6,Matrix 1,
LIST_station_current_E,Current Station Apparatus'!B3:D14,Current Station Apparatus,
user_postal_5,Matrix 3'!C3,Matrix 3,
COL_RD_display_text,raw_data'!Z1,raw_data,
EMSO_A,Current Station Apparatus'!BQ3:BR55,Current Station Apparatus,
FireStation2,Current Station Apparatus'!B4:CL4,Current Station Apparatus,
LIST_station_current_county_ALS,Current Station Apparatus'!BI15:BL43,Current Station Apparatus,
user_mod_5,Matrix 3'!F8,Matrix 3,
FireStation10,Current Station Apparatus'!B12:CL12,Current Station Apparatus,
COL_MULT,Priority Group'!F1,Priority Group,
COL_running_alstx,RunningOrderFull'!Y1,RunningOrderFull,
user_excl_D7_1,Matrix 1'!#REF!,Matrix 1,
user_rec_mod_2,Matrix 1'!#REF!,Matrix 1,
user_custom_box_4,Matrix 2'!C24,Matrix 2,
verbal_assignment_7,Assignment'!D74,Assignment,
user_excl_D9_1,Matrix 1'!#REF!,Matrix 1,
TONE_STA3,Sheet26'!G21,Sheet26,
user_verbal_7,Matrix 4'!C12:F12,Matrix 4,
COL_ALS1,Priority Group'!E1,Priority Group,
LIST_station_current_T,Current Station Apparatus'!E3:F14,Current Station Apparatus,
Due_1,RunningOrderFull'!B5:B304,RunningOrderFull,
user_running_order_8,Matrix 4'!C23,Matrix 4,
FireStation4,Current Station Apparatus'!B6:CL6,Current Station Apparatus,
A_Response_Table,ProQA'!C3:AC6655,ProQA,
current_prealert_2,Assignment'!J3:J24,Assignment,
Engine_1,Current Station Apparatus'!B3:B55,Current Station Apparatus,
current_prealert_3,Assignment'!P3:P24,Assignment,
BoxRunningOrderFull_Array,RunningOrderFull'!A5:AQ304,RunningOrderFull,
COL_ADAPT,Priority Group'!I1,Priority Group,
fire_first_due,Postals'!#REF!,Postals,
FireStation5,Current Station Apparatus'!B7:CL7,Current Station Apparatus,
LIST_station_current_WL_3,Current Station Apparatus'!CE3:CL14,Current Station Apparatus,
TABLE_County_Units,Default Station Apparatus'!B15:CL55,Default Station Apparatus,
current_assignment_2_MOD,Assignment'!K3:K24,Assignment,
CMD_5,Current Station Apparatus'!BE3:BE55,Current Station Apparatus,
verbal_assignment_8,Assignment'!J74,Assignment,
user_district_8,Matrix 4'!F20,Matrix 4,
LIST_station_current_county_E,Current Station Apparatus'!B15:D38,Current Station Apparatus,
Due_10,RunningOrderFull'!K5:K304,RunningOrderFull,
Override Other Apparatus'!COL_OOS_OTHER,Override Other Apparatus'!C3:C14,Override Other Apparatus,
ARFF_5,Current Station Apparatus'!R3:R55,Current Station Apparatus,
COL_cids_transmitted_data,Postals'!M3,Postals,
user_determinant_code_7,Matrix 4'!C8,Matrix 4,
TNK_1,Current Station Apparatus'!AC3:AC55,Current Station Apparatus,
current_assignment_4,Assignment'!C28:C49,Assignment,
current_assignment_7_MOD,Assignment'!E53:E74,Assignment,
COL_RUN_engines,RunningOrderFull'!V3,RunningOrderFull,
user_district_4,Matrix 2'!F20,Matrix 2,
TONE_LIST_4,Tone List'!G2:G15,Tone List,
user_sel_D5_1,Matrix 1'!#REF!,Matrix 1,
user_sel_D8_1,Matrix 1'!#REF!,Matrix 1,
Assignment_P_8,Assignment'!G52,Assignment,
LIST_station_current_county_CH,Current Station Apparatus'!BA15:BH38,Current Station Apparatus,
COL_FA,Priority Group'!J1,Priority Group,
COL_police_shared,Postals'!I3,Postals,
user_custom_box_7,Matrix 4'!C7,Matrix 4,
police_primary,Postals'!G5:G17659,Postals,
user_sel_D10_1,Matrix 1'!#REF!,Matrix 1,
EMSTX_A,Current Station Apparatus'!BI3:BP55,Current Station Apparatus,
TONE_STA10,Sheet26'!G28,Sheet26,
user_running_order_2,Matrix 1'!C27,Matrix 1,
user_running_order_5,Matrix 3'!C6,Matrix 3,
full_assignment_2_MOD,Assignment'!K25,Assignment,
COL_RD_id,raw_data'!C1,raw_data,
unit_list_all,Sheet26'!A3:A1011,Sheet26,
BLADE_1,Current Station Apparatus'!AY3:AY55,Current Station Apparatus,
user_excl_D1_1,Matrix 1'!#REF!,Matrix 1,
COL_RD_cids_availability,raw_data'!X1,raw_data,
LIST_user_pn_2,Sheet46'!L4:L18158,Sheet46,
COL_RD_cids_occupancy,raw_data'!P1,raw_data,
user_hydranted_4,Matrix 2'!F24,Matrix 2,
LIST_station_current_CH,Current Station Apparatus'!BA3:BH14,Current Station Apparatus,
PD_Header,Response Police'!E1:X1,Response Police,
COL_RD_street_2,raw_data'!AD1,raw_data,
TABLE_Response,Response'!A3:B1565,Response,
COL_police_rd,Postals'!K3,Postals,
user_chiefs_1,Matrix 1'!#REF!,Matrix 1,
K9_1,Current Station Apparatus'!X3:X55,Current Station Apparatus,
LIST_user_np_1,Sheet46'!D4:D18158,Sheet46,
BATV_1,Current Station Apparatus'!AM3:AM55,Current Station Apparatus,
mod_offset_9,Assignment'!O51,Assignment,
full_assignment_8_MOD,Assignment'!K75,Assignment,
mod_offset_1,Assignment'!C1,Assignment,
user_recommendation_7,Matrix 4'!C10,Matrix 4,
SpecialService_A,Current Station Apparatus'!E3:J55,Current Station Apparatus,
unit_name_table,Sheet23'!A1:C21,Sheet23,
init_offset_8,Assignment'!H51,Assignment,
user_excl_D6_1,Matrix 1'!#REF!,Matrix 1,
full_assignment_2,Assignment'!I25,Assignment,
Squad_1,Current Station Apparatus'!I3:I55,Current Station Apparatus,
COL_RD_street_1,raw_data'!AC1,raw_data,
ARFF_2,Current Station Apparatus'!O3:O55,Current Station Apparatus,
user_custom_box_8,Matrix 4'!C24,Matrix 4,
user_verbal_2,Matrix 1'!C33:F33,Matrix 1,
TONE_LINKS_1,Tone List'!B2:B15,Tone List,
COL_response_short,ProQA'!F1,ProQA,
COL_RD_reporting_district,raw_data'!AG1,raw_data,
TONE_LIST_1,Tone List'!A2:A15,Tone List,
ROWS_1,Assignment'!A1,Assignment,
COL_notification_group,ProQA'!G1,ProQA,
COL_running_helo,RunningOrderFull'!AM1,RunningOrderFull,
COL_CPR,Priority Group'!H1,Priority Group,
COL_running_emso,RunningOrderFull'!AA1,RunningOrderFull,
user_verbal_4,Matrix 2'!C29:F29,Matrix 2,
ALSTX_3,Current Station Apparatus'!BK3:BK55,Current Station Apparatus,
ProQA Police'!PD_ProQA_Header,ProQA Police'!A2:Z2,ProQA Police,
verbal_assignment_4,Assignment'!D50,Assignment,
COL_fire_due_3,Postals'!#REF!,Postals,
SW_1,Current Station Apparatus'!BS3:BS55,Current Station Apparatus,
COL_RD_box_run_card,raw_data'!N1,raw_data,
COL_box_run_card,Postals'!R3,Postals,
timeNow,Matrix 1'!B2:C2,Matrix 1,
COL_fire_due_9,Postals'!#REF!,Postals,
raw_data,raw_data'!A2:AH17657,raw_data,
Utility_2,Current Station Apparatus'!M3:M55,Current Station Apparatus,
BE_2,Current Station Apparatus'!AB3:AB55,Current Station Apparatus,
Due_12,RunningOrderFull'!M5:M304,RunningOrderFull,
user_district_7,Matrix 4'!F3,Matrix 4,
COL_hydrant_area,Postals'!S3,Postals,
user_excl_D10_1,Matrix 1'!#REF!,Matrix 1,
IncidentType_List,ProQA'!B3:B6655,ProQA,
user_mod_7,Matrix 4'!F8,Matrix 4,
mod_offset_5,Assignment'!I26,Assignment,
TNK_2,Current Station Apparatus'!AD3:AD55,Current Station Apparatus,
Assignment_P_6,Assignment'!M27,Assignment,
COL_RD_cids_class_description,raw_data'!T1,raw_data,
ProQA Police'!PD_TABLE_ProQA_Body,ProQA Police'!A3:C6127,ProQA Police,
Due_9,RunningOrderFull'!J5:J304,RunningOrderFull,
Due_7,RunningOrderFull'!H5:H304,RunningOrderFull,
COL_running_tankers,RunningOrderFull'!AB1,RunningOrderFull,
BoxRunningOrderArray,RunningOrderFull'!B5:U304,RunningOrderFull,
user_sel_D1_1,Matrix 1'!#REF!,Matrix 1,
COL_determinant_text,ProQA'!E1,ProQA,
ALSTX_A,Current Station Apparatus'!BI3:BL55,Current Station Apparatus,
COUNT_OOS,Sheet45'!F3:F14,Sheet45,
fire_district,Postals'!F5:F17659,Postals,
COL_pg_link,Postals'!Q3,Postals,
user_recommendation_3,Matrix 2'!C10,Matrix 2,
ROWS_6,Assignment'!M26,Assignment,
user_response_7,Matrix 4'!E8,Matrix 4,
COUNT_NEW,Sheet45'!E3:E14,Sheet45,
A_Postals,Postals'!C5:AA17659,Postals,
user_rescues_1,Matrix 1'!C17:F17,Matrix 1,
url_base,Sheet26'!G4,Sheet26,
user_response_3,Matrix 2'!E8,Matrix 2,
COL_RD_police_other,raw_data'!J1,raw_data,
user_running_order_4,Matrix 2'!C23,Matrix 2,
COL_RD_cids_bldg_dimensions,raw_data'!R1,raw_data,
mod_offset_6,Assignment'!O26,Assignment,
user_station_prealert_1,Matrix 1'!#REF!,Matrix 1,
UPGRADE_Matrix1,Assignment'!E3:E23,Assignment,
COL_running_wildland,RunningOrderFull'!AF1,RunningOrderFull,
user_response_1,Matrix 1'!E10,Matrix 1,
user_determinant_code_4,Matrix 2'!C25,Matrix 2,
DIVE_1,Current Station Apparatus'!BT3:BT55,Current Station Apparatus,
LIST_station_current_county_BLS,Current Station Apparatus'!BM15:BP43,Current Station Apparatus,
current_assignment_3_MOD,Assignment'!Q3:Q24,Assignment,
Rescue_A,Current Station Apparatus'!G3:H55,Current Station Apparatus,
user_st_2,Matrix 1'!D25,Matrix 1,
BoxRunningOrderFull_Apparatus,RunningOrderFull'!V4:AP4,RunningOrderFull,
url_full,Sheet26'!G12,Sheet26,
user_box_7,Matrix 4'!F5,Matrix 4,
user_determinant_code_2,Matrix 1'!C29,Matrix 1,
CMD_3,Current Station Apparatus'!BC3:BC55,Current Station Apparatus,
HELO_1,Current Station Apparatus'!CE3:CE55,Current Station Apparatus,
user_sel_D3_1,Matrix 1'!#REF!,Matrix 1,
COUNT_CUR,Sheet45'!D3:D14,Sheet45,
COL_RD_cids_class,raw_data'!S1,raw_data,
ProQA Police'!APD_Response_Table,ProQA Police'!C3:Z6127,ProQA Police,
TABLE_priority,Priority Group'!C3:J8,Priority Group,
url_key,Sheet26'!G7,Sheet26,
TONE_LIST_6,Tone List'!K2:K15,Tone List,
TABLE_Postals,Postals'!C5:S17659,Postals,
ARFF_A,Current Station Apparatus'!N3:T55,Current Station Apparatus,
LIST_station_current_DSO_3,Current Station Apparatus'!CC3:CD14,Current Station Apparatus,
current_assignment_3,Assignment'!O3:O24,Assignment,
FireStation9,Current Station Apparatus'!B11:CL11,Current Station Apparatus,
user_box_4,Matrix 2'!F22,Matrix 2,
Assignment_P_4,Assignment'!A27,Assignment,
user_district_2,Matrix 1'!F22,Matrix 1,
RB_1,Current Station Apparatus'!BV3:BV55,Current Station Apparatus,
user_station_prealert_list_1,Matrix 1'!#REF!,Matrix 1,
fire_box_list,Boxes'!D4:D748,Boxes,
COL_police_other,Postals'!J3,Postals,
COUNTY_APPARATUS,Default Station Apparatus'!B15:CL38,Default Station Apparatus,
COL_first_due_lookup,Boxes'!#REF!,Boxes,
COL_police_primary,Postals'!G3,Postals,
COL_RD_cids_transmitted_data,raw_data'!W1,raw_data,
qgis_url,Sheet26'!G1,Sheet26,
user_sel_D6_1,Matrix 1'!#REF!,Matrix 1,
A_Postals_Table,Postals'!C4:AA17659,Postals,
current_prealert_6,Assignment'!P28:P49,Assignment,
FireStation8,Current Station Apparatus'!B10:CL10,Current Station Apparatus,
ProQA Police'!PD_COL_notification_group,ProQA Police'!F1,ProQA Police,
mod_offset_2,Assignment'!I1,Assignment,
current_prealert_5,Assignment'!J28:J49,Assignment,
LIST_station_current_county_R,Current Station Apparatus'!G15:H38,Current Station Apparatus,
FireStationApparatus_original,Default Station Apparatus'!A3:CL43,Default Station Apparatus,
init_offset_3,Assignment'!N1,Assignment,
COL_fire_box,Postals'!E3,Postals,
user_recommendation_1,Matrix 1'!C12,Matrix 1,
full_assignment_7_MOD,Assignment'!E75,Assignment,
user_sel_D7_1,Matrix 1'!#REF!,Matrix 1,
COL_running_rescues,RunningOrderFull'!X1,RunningOrderFull,
user_determinant_code_5,Matrix 3'!C8,Matrix 3,
verbal_assignment_2,Assignment'!J25,Assignment,
Override Other Apparatus'!T_OVR_OTHER,Override Other Apparatus'!D3:CN14,Override Other Apparatus,
user_verbal_6,Matrix 3'!C29:F29,Matrix 3,
COL_running_plane,RunningOrderFull'!AN1,RunningOrderFull,
user_custom_box_6,Matrix 3'!C24,Matrix 3,
BLSTX_A,Current Station Apparatus'!BM3:BP55,Current Station Apparatus,
BLSTX_2,Current Station Apparatus'!BN3:BN55,Current Station Apparatus,
user_mod_4,Matrix 2'!F25,Matrix 2,
Rescue_2,Current Station Apparatus'!H3:H55,Current Station Apparatus,
user_postal_3,Matrix 2'!C3,Matrix 2,
unit_code_table,Sheet26'!C3:D100,Sheet26,
ROW_apparatus_column,RunningOrderFull'!Q3,RunningOrderFull,
user_rec_mod_1,Matrix 1'!#REF!,Matrix 1,
user_running_order_col_1,Matrix 1'!#REF!,Matrix 1,
COL_running_sw,RunningOrderFull'!AK1,RunningOrderFull,
user_running_order_3,Matrix 2'!C6,Matrix 2,
TONE_STA8,Sheet26'!G26,Sheet26,
CMD_4,Current Station Apparatus'!BD3:BD55,Current Station Apparatus,
Squad_2,Current Station Apparatus'!J3:J55,Current Station Apparatus,
ProQA Police'!PD_ProQA_List,ProQA Police'!A3:A6127,ProQA Police,
user_engines_1,Matrix 1'!C15:F15,Matrix 1,
mod_offset_7,Assignment'!C51,Assignment,
unit_prefix_all,Sheet26'!B3:B1011,Sheet26,
user_sel_D2_1,Matrix 1'!#REF!,Matrix 1,
COL_RD_postal_suffix,raw_data'!D1,raw_data,
LIST_station_override_E,Override Core Apparatus'!D3:F14,Override Core Apparatus,
Assignment_P_2,Assignment'!G2,Assignment,
TONE_LINKS_3,Tone List'!F2:F15,Tone List,
url_enc,Sheet26'!G5,Sheet26,
COL_street_low,Postals'!O3,Postals,
COL_postal,Postals'!#REF!,Postals,
user_excl_D14_1,Matrix 1'!#REF!,Matrix 1,
user_sel_D11_1,Matrix 1'!#REF!,Matrix 1,
PLANE_1,Current Station Apparatus'!CI3:CI55,Current Station Apparatus,
user_determinant_code_6,Matrix 3'!C25,Matrix 3,
A_Station_Other_Table_Override,Override Other Apparatus'!A1:CN14,Override Other Apparatus,
user_postal_6,Matrix 3'!C20,Matrix 3,
full_assignment_3,Assignment'!O25,Assignment,
user_postal_8,Matrix 4'!C20,Matrix 4,
user_excl_D3_1,Matrix 1'!#REF!,Matrix 1,
user_excl_D13_1,Matrix 1'!#REF!,Matrix 1,
user_mod_1,Matrix 1'!F10,Matrix 1,
ROWS_4,Assignment'!A26,Assignment,
verbal_assignment_3,Assignment'!P25,Assignment,
user_recommendation_4,Matrix 2'!C27,Matrix 2,
BoxRunningOrderFull_Headings_Lookup,ApparatusTypes'!A1:A240,ApparatusTypes,
COL_OOS,Override Core Apparatus'!C3:C14,Override Core Apparatus,
FireStation22,Current Station Apparatus'!B17:CL17,Current Station Apparatus,
current_assignment_8,Assignment'!I53:I74,Assignment,
current_assignment_1,Assignment'!C3:C24,Assignment,
COL_RD_jurisdiction,raw_data'!K1,raw_data,
T_DEF,Default Station Apparatus'!B3:CL14,Default Station Apparatus,
url_pitch,Sheet26'!G11,Sheet26,
PT_1,Current Station Apparatus'!AE3:AE55,Current Station Apparatus,
user_sel_D9_1,Matrix 1'!#REF!,Matrix 1,
COL_running_brush,RunningOrderFull'!AC1,RunningOrderFull,
user_hydranted_5,Matrix 3'!F7,Matrix 3,
LIST_station_current_R,Current Station Apparatus'!G3:H14,Current Station Apparatus,
user_blstx_1,Matrix 1'!C20:F20,Matrix 1,
init_offset_2,Assignment'!H1,Assignment,
LIST_station_current_ALS,Current Station Apparatus'!BI3:BL14,Current Station Apparatus,
user_recommendation_6,Matrix 3'!C27,Matrix 3,
user_running_order_1,Matrix 1'!C8,Matrix 1,
user_response_2,Matrix 1'!E29,Matrix 1,
full_assignment_6,Assignment'!O50,Assignment,
COL_ROUTINE,Priority Group'!C1,Priority Group,
Engine_3,Current Station Apparatus'!D3:D55,Current Station Apparatus,
user_postal_7,Matrix 4'!C3,Matrix 4,
TONE_STA7,Sheet26'!G25,Sheet26,
ROWS_2,Assignment'!G1,Assignment,
user_verbal_8,Matrix 4'!C29:F29,Matrix 4,
TONE_STA11,Sheet26'!G29,Sheet26,
COL_fire_box_lookup,Boxes'!D1,Boxes,
Table_ProQA,ProQA'!2:6655,ProQA,
user_hydranted_7,Matrix 4'!F7,Matrix 4,
LIST_station_current_county_TNK,Current Station Apparatus'!AC15:AD38,Current Station Apparatus,
user_sel_D13_1,Matrix 1'!#REF!,Matrix 1,
user_determinant_code_8,Matrix 4'!C25,Matrix 4,
TONE_LIST_5,Tone List'!I2:I15,Tone List,
BLSTX_3,Current Station Apparatus'!BO3:BO55,Current Station Apparatus,
ME_1,Current Station Apparatus'!CB3:CB55,Current Station Apparatus,
current_assignment_1_MOD,Assignment'!E3:E24,Assignment,
user_station_prealert_list_2,Matrix 1'!#REF!,Matrix 1,
current_assignment_7,Assignment'!C53:C74,Assignment,
Engine_A,Current Station Apparatus'!B3:D55,Current Station Apparatus,
COL_running_engines,RunningOrderFull'!V1,RunningOrderFull,
verbal_assignment_6,Assignment'!P50,Assignment,
user_excl_D8_1,Matrix 1'!#REF!,Matrix 1,
ROWS_ProQA,ProQA'!A1:A2,ProQA,
user_determinant_code_1,Matrix 1'!C10,Matrix 1,
init_offset_4,Assignment'!B26,Assignment,
COL_running_trucks,RunningOrderFull'!W1,RunningOrderFull,
COL_juris,Postals'!L3,Postals,
FM_1,Current Station Apparatus'!BX3:BX55,Current Station Apparatus,
COUNT_DEF,Sheet45'!C3:C14,Sheet45,
user_district_6,Matrix 3'!F20,Matrix 3,
user_mod_3,Matrix 2'!F8,Matrix 2,
user_sel_D12_1,Matrix 1'!#REF!,Matrix 1,
user_mod_6,Matrix 3'!F25,Matrix 3,
station_apparatus_array_current,Current Station Apparatus'!B3:CL43,Current Station Apparatus,
LIST_station_current_DSO_1,Current Station Apparatus'!N3:Z14,Current Station Apparatus,
TR_1,Current Station Apparatus'!V3:V55,Current Station Apparatus,
MARINE_1,Current Station Apparatus'!BU3:BU55,Current Station Apparatus,
user_recommendation_8,Matrix 4'!C27,Matrix 4,
Truck_2,Current Station Apparatus'!F3:F55,Current Station Apparatus,
Response_List,ProQA'!C3:C6655,ProQA,
unit_code_verbal,Sheet26'!D3:D100,Sheet26,
Override Other Apparatus'!COL_OVR_OTHER,Override Other Apparatus'!B3:B14,Override Other Apparatus,
full_assignment_7,Assignment'!C75,Assignment,
A_ProQA_Table,ProQA'!A3:AC6655,ProQA,
BoxRunningOrderFull_Headings,RunningOrderFull'!4:4,RunningOrderFull,
ROW_ECHO,Priority Group'!A8,Priority Group,
TONE_LINKS_4,Tone List'!H2:H15,Tone List,
ROW_CHARLIE,Priority Group'!A6,Priority Group,
current_prealert_4,Assignment'!D28:D49,Assignment,
user_sel_D4_1,Matrix 1'!#REF!,Matrix 1,
current_assignment_6,Assignment'!O28:O49,Assignment,
ROW_BRAVO,Priority Group'!A5,Priority Group,
COL_fire_due_5,Postals'!#REF!,Postals,
FI_1,Current Station Apparatus'!BZ3:BZ55,Current Station Apparatus,
init_offset_7,Assignment'!B51,Assignment,
COL_RD_postal_pg_link,raw_data'!AE1,raw_data,
LightForce_1,Current Station Apparatus'!K3:K55,Current Station Apparatus,
USARU_1,Current Station Apparatus'!Y3:Y55,Current Station Apparatus,
box_lookup_table,Boxes'!D4:F748,Boxes,
COL_priority,ProQA'!H1,ProQA,
user_st_1,Matrix 1'!D6,Matrix 1,
full_assignment_6_MOD,Assignment'!Q50,Assignment,
tone1_long,Sheet26'!G14,Sheet26,
user_hydranted_3,Matrix 2'!F7,Matrix 2,
COL_RD_postal_number,raw_data'!AA1,raw_data,
verbal_assignment_1,Assignment'!D25,Assignment,
full_assignment_9,Assignment'!O75,Assignment,
PD_Response_Table,Response Police'!B2:Y1366,Response Police,
ARFF_7,Current Station Apparatus'!T3:T55,Current Station Apparatus,
current_assignment_4_MOD,Assignment'!E28:E49,Assignment,
CMD_1,Current Station Apparatus'!BA3:BA55,Current Station Apparatus,
LIST_station_override,Override Core Apparatus'!A3:A14,Override Core Apparatus,
mod_offset_4,Assignment'!C26,Assignment,
COL_running_blstx,RunningOrderFull'!Z1,RunningOrderFull,
user_excl_D12_1,Matrix 1'!#REF!,Matrix 1,
COL_fire_due_4,Postals'!#REF!,Postals,
user_response_5,Matrix 3'!E8,Matrix 3,
full_assignment_8,Assignment'!I75,Assignment,
verbal_assignment_9,Assignment'!P74,Assignment,
LIST_unit_assignment,Assignment'!A3:A23,Assignment,
postal_table,Postals'!C5:AA17659,Postals,
T_OVR,Override Core Apparatus'!D3:CN14,Override Core Apparatus,
user_response_8,Matrix 4'!E25,Matrix 4,
user_district_3,Matrix 2'!F3,Matrix 2,
COL_RD_police_primary,raw_data'!F1,raw_data,
USARATV_1,Current Station Apparatus'!Z3:Z55,Current Station Apparatus,
user_running_order_mod_1,Matrix 1'!#REF!,Matrix 1,
user_recommendation_2,Matrix 1'!C31,Matrix 1,
CMD_2,Current Station Apparatus'!BB3:BB55,Current Station Apparatus,
TONE_LINKS_5,Tone List'!J2:J15,Tone List,
current_prealert_8,Assignment'!J53:J74,Assignment,
A_RAW_DATA,raw_data'!A3:AH17657,raw_data,
user_np_2,Matrix 1'!C25,Matrix 1,
ROW_OMEGA,Priority Group'!A3,Priority Group,
alert2_long,Sheet26'!G18,Sheet26,
COL_RD_postal_text,raw_data'!Y1,raw_data,
current_recommendation_1,Assignment'!B3:B24,Assignment,
Truck_1,Current Station Apparatus'!E3:E55,Current Station Apparatus,
NYPD1013,Sheet26'!G33,Sheet26,
tone1,Sheet26'!G13,Sheet26,
Assignment_P_7,Assignment'!A52,Assignment,
Due_6,RunningOrderFull'!G5:G304,RunningOrderFull,
CMD_6,Current Station Apparatus'!BF3:BF55,Current Station Apparatus,
ALSTX_2,Current Station Apparatus'!BJ3:BJ55,Current Station Apparatus,
COL_fire_due_7,Postals'!#REF!,Postals,
COUNT_ALL,Sheet45'!B3:B14,Sheet45,
user_tankers_1,Matrix 1'!C18:F18,Matrix 1,
ProQA_Header,ProQA'!A2:AC2,ProQA,
BLSTX_1,Current Station Apparatus'!BM3:BM55,Current Station Apparatus,
HazMat_1,Current Station Apparatus'!U3:U55,Current Station Apparatus,
full_assignment_1_MOD,Assignment'!E25,Assignment,
url_client,Sheet26'!G6,Sheet26,
Assignment_P_1,Assignment'!A2,Assignment,
USAR_1,Current Station Apparatus'!W3:W55,Current Station Apparatus,
RunningOrderU,RunningOrder'!B2:B801,RunningOrder,
BoxRunningOrderFull_Headings_Index,ApparatusTypes'!A1:B240,ApparatusTypes,
TONE_LIST_2,Tone List'!C2:C15,Tone List,
Due_11,RunningOrderFull'!L5:L304,RunningOrderFull,
Rescue_1,Current Station Apparatus'!G3:G55,Current Station Apparatus,
LIST_user_pn_1,Sheet46'!F4:F18158,Sheet46,
user_district_1,Matrix 1'!F3,Matrix 1,
COL_RD_cids_bldg_height_stories,raw_data'!Q1,raw_data,
full_assignment_5,Assignment'!I50,Assignment,
FireStation11,Current Station Apparatus'!B13:CL13,Current Station Apparatus,
COL_RD_fid,raw_data'!B1,raw_data,
Assignment_P_3,Assignment'!M2,Assignment,
user_box_5,Matrix 3'!F5,Matrix 3,
COL_RD_cids_minresp,raw_data'!V1,raw_data,
Utility_1,Current Station Apparatus'!L3:L55,Current Station Apparatus,
user_box_3,Matrix 2'!F5,Matrix 2,
COL_BLS,Priority Group'!D1,Priority Group,
Override Other Apparatus'!LIST_station_override_T_OTHER,Override Other Apparatus'!G3:H14,Override Other Apparatus,
A_IncidentType_Table,ProQA'!B3:AC6655,ProQA,
COL_OVR,Override Core Apparatus'!B3:B14,Override Core Apparatus,
T_CUR,Current Station Apparatus'!B3:CL14,Current Station Apparatus,
BE_1,Current Station Apparatus'!AA3:AA55,Current Station Apparatus,
Response_Table,Response'!B3:Z1565,Response,
COL_RD_search_bbox,raw_data'!#REF!,raw_data,
ProQA_List,ProQA'!A3:A6655,ProQA,
COL_running_all,RunningOrderFull'!AQ1,RunningOrderFull,
COL_police_secondary,Postals'!H3,Postals,
init_offset_6,Assignment'!N26,Assignment,
user_excl_D4_1,Matrix 1'!#REF!,Matrix 1,
mod_offset_3,Assignment'!O1,Assignment,
full_assignment_5_MOD,Assignment'!K50,Assignment,
COL_RD_fire_box,raw_data'!G1,raw_data,
CMD_8,Current Station Apparatus'!BH3:BH55,Current Station Apparatus,
COL_fire_due_8,Postals'!#REF!,Postals,
user_response_6,Matrix 3'!E25,Matrix 3,
ProQA Police'!APD_ProQA_Table,ProQA Police'!A3:Z6127,ProQA Police,
COL_running_attack_tankers,RunningOrderFull'!AG1,RunningOrderFull,
COL_RD_cids_fd_designation,raw_data'!O1,raw_data,
current_assignment_5,Assignment'!I28:I49,Assignment,
TONE_STA2,Sheet26'!G20,Sheet26,
user_box_2,Matrix 1'!F26,Matrix 1,
CMD_7,Current Station Apparatus'!BG3:BG55,Current Station Apparatus,
user_verbal_1,Matrix 1'!C14:F14,Matrix 1,
ARFF_4,Current Station Apparatus'!Q3:Q55,Current Station Apparatus,
Truck_A,Current Station Apparatus'!E3:F55,Current Station Apparatus,
LIST_station_current_WL_2,Current Station Apparatus'!AE3:AZ14,Current Station Apparatus,
COL_RD_police_shared,raw_data'!I1,raw_data,
LIST_station_current_DSO_2,Current Station Apparatus'!BS3:BW14,Current Station Apparatus,
Due_4,RunningOrderFull'!E5:E304,RunningOrderFull,
init_offset_9,Assignment'!N51,Assignment,
alert2_short,Sheet26'!G17,Sheet26,
COL_RD_cids_hazards,raw_data'!U1,raw_data,
BoxRunningOrder,Postals'!R5:R17659,Postals,
url_text,Sheet26'!G8,Sheet26,
Squad_A,Current Station Apparatus'!I3:J55,Current Station Apparatus,
COL_fire_due_6,Postals'!#REF!,Postals,
FireStation3,Current Station Apparatus'!B5:CL5,Current Station Apparatus,
COL_RD_police_secondary,raw_data'!H1,raw_data,
user_running_order_7,Matrix 4'!C6,Matrix 4,
LIST_station_current_BLS,Current Station Apparatus'!BM3:BP14,Current Station Apparatus,
FireStation21,Current Station Apparatus'!B16:CL16,Current Station Apparatus,
COL_ALS2,Priority Group'!G1,Priority Group,
user_running_order_mod_2,Matrix 1'!#REF!,Matrix 1,
user_custom_box_2,Matrix 1'!C28,Matrix 1,
COL_street_high,Postals'!P3,Postals,
TABLE_ProQA_Body,ProQA'!A3:C6655,ProQA,
TONE_STA14,Sheet26'!G32,Sheet26,
Due_8,RunningOrderFull'!I5:I304,RunningOrderFull,
Due_3,RunningOrderFull'!D5:D304,RunningOrderFull,
LIST_station_current_WL_1,Current Station Apparatus'!AA3:AB14,Current Station Apparatus,
LIST_user_np_2,Sheet46'!J4:J18158,Sheet46,
BLSTX_4,Current Station Apparatus'!BP3:BP55,Current Station Apparatus,
station_apparatus_array_default,Default Station Apparatus'!B3:CL43,Default Station Apparatus,
current_assignment_6_MOD,Assignment'!Q28:Q49,Assignment,
user_excl_col_2,Matrix 1'!#REF!,Matrix 1,
RunningOrder,Postals'!#REF!,Postals,
COL_fire_due_2,Postals'!#REF!,Postals,
BoxRunningOrderFull,RunningOrderFull'!AQ5:AQ304,RunningOrderFull,
user_custom_box_5,Matrix 3'!C7,Matrix 3,
COL_running_arff,RunningOrderFull'!AH1,RunningOrderFull,
current_assignment_5_MOD,Assignment'!K28:K49,Assignment,
WL_1,Current Station Apparatus'!AI3:AI55,Current Station Apparatus,
FireStation7,Current Station Apparatus'!B9:CL9,Current Station Apparatus,
ALSTX_1,Current Station Apparatus'!BI3:BI55,Current Station Apparatus,
user_custom_box_x,Matrix 1'!B9,Matrix 1,
init_offset_5,Assignment'!H26,Assignment,
box_table,Boxes'!D4:F748,Boxes,
ROWS_5,Assignment'!G26,Assignment,
Due_5,RunningOrderFull'!F5:F304,RunningOrderFull,
user_excl_D5_1,Matrix 1'!#REF!,Matrix 1,
user_determinant_code_3,Matrix 2'!C8,Matrix 2,
Engine_2,Current Station Apparatus'!C3:C55,Current Station Apparatus,
LIST_user_st_2,Sheet46'!K4:K18158,Sheet46,
user_response_4,Matrix 2'!E25,Matrix 2,
ProQA Police'!PD_IncidentType_List,ProQA Police'!B3:B6127,ProQA Police,
COL_station_apparatus_fs,Current Station Apparatus'!A3:A55,Current Station Apparatus,
url_lang,Sheet26'!G9,Sheet26,
user_station_prealert_2,Matrix 1'!#REF!,Matrix 1,
user_excl_col_1,Matrix 1'!#REF!,Matrix 1,
user_custom_box_1,Matrix 1'!C9,Matrix 1,
user_postal_2,Matrix 1'!C22,Matrix 1,
COL_RD_update_time,raw_data'!AF1,raw_data,
TONE_LIST_3,Tone List'!E2:E15,Tone List,
COL_RD_hydrant_area,raw_data'!L1,raw_data,
LIST_station_override_T,Override Core Apparatus'!G3:H14,Override Core Apparatus,
user_mod_8,Matrix 4'!F25,Matrix 4,
LIST_station_current_county_T,Current Station Apparatus'!E15:F38,Current Station Apparatus,
user_excl_D11_1,Matrix 1'!#REF!,Matrix 1,
TONE_STA9,Sheet26'!G27,Sheet26,
COL_RD_wkt_geom,raw_data'!A1,raw_data,
user_excl_D2_1,Matrix 1'!#REF!,Matrix 1,
COL_running_hm,RunningOrderFull'!AI1,RunningOrderFull,
COL_postal_suffix,Postals'!D3,Postals,
user_mod_2,Matrix 1'!F29,Matrix 1,
EMSO_1,Current Station Apparatus'!BQ3:BQ55,Current Station Apparatus,
COL_fire_running_order,Postals'!#REF!,Postals,
EMSO_2,Current Station Apparatus'!BR3:BR55,Current Station Apparatus,
COL_running_usar,RunningOrderFull'!AJ1,RunningOrderFull,
user_trucks_1,Matrix 1'!C16:F16,Matrix 1,
full_assignment_1,Assignment'!C25,Assignment,
ROWS_9,Assignment'!M51,Assignment,
FireStation1,Current Station Apparatus'!B3:CL3,Current Station Apparatus,
BWDS_1,Current Station Apparatus'!BW3:BW55,Current Station Apparatus,
TONE_STA6,Sheet26'!G24,Sheet26,
ALSTX_4,Current Station Apparatus'!BL3:BL55,Current Station Apparatus,
user_box_1,Matrix 1'!F7,Matrix 1,
COL_postal_number,Postals'!C3,Postals,
LIST_station_current_TNK,Current Station Apparatus'!AC3:AD14,Current Station Apparatus,
COL_RD_nearest_postal,raw_data'!AB1,raw_data,
LIST_user_st_1,Sheet46'!E4:E18158,Sheet46,
ROWS_8,Assignment'!G51,Assignment,
user_postal_1,Matrix 1'!C3,Matrix 1,
ROWS_7,Assignment'!A51,Assignment,
verbal_assignment_5,Assignment'!J50,Assignment,
TONE_STA4,Sheet26'!G22,Sheet26,
ProQA Police'!PD_Table_ProQA,ProQA Police'!2:6127,ProQA Police,
COL_running_AR,RunningOrderFull'!AL1,RunningOrderFull,
Response Police'!PD_TABLE_Response,Response Police'!A2:B1366,Response Police,
user_sel_D14_1,Matrix 1'!#REF!,Matrix 1,
TONE_LINKS_6,Tone List'!L2:L15,Tone List,
unit_regex,Sheet26'!B1:D1,Sheet26,
user_alstx_1,Matrix 1'!C19:F19,Matrix 1,
user_custom_box_3,Matrix 2'!C7,Matrix 2,
Due_2,RunningOrderFull'!C5:C304,RunningOrderFull,
user_running_order_6,Matrix 3'!C23,Matrix 3,
url_speed,Sheet26'!G10,Sheet26,
AT_1,Current Station Apparatus'!AU3:AU55,Current Station Apparatus,
COL_running_patrol_trucks,RunningOrderFull'!AD1,RunningOrderFull,
user_hydranted_1,Matrix 1'!F9,Matrix 1,
user_verbal_3,Matrix 2'!C12:F12,Matrix 2,
current_prealert_1,Assignment'!D3:D24,Assignment,
COL_RD_box_run_card_x,raw_data'!AH1,raw_data,
ROWS_3,Assignment'!M1,Assignment,
Override Other Apparatus'!LIST_station_override_E_OTHER,Override Other Apparatus'!D3:F14,Override Other Apparatus,
Override Other Apparatus'!LIST_station_override_OTHER,Override Other Apparatus'!A3:A14,Override Other Apparatus,
postal_number,Postals'!C5:C17659,Postals,
COL_fire_district,Postals'!F3,Postals,
FireStation23,Current Station Apparatus'!B18:CL18,Current Station Apparatus,
user_hydranted_2,Matrix 1'!F28,Matrix 1,
user_box_6,Matrix 3'!F22,Matrix 3,
ROW_ALPHA,Priority Group'!A4,Priority Group,
ROW_DELTA,Priority Group'!A7,Priority Group,
B_ProQA_Table,ProQA'!A2:G6655,ProQA,
ARFF_6,Current Station Apparatus'!S3:S55,Current Station Apparatus,
COL_cids_availability,Postals'!N3,Postals,
COL_hydrant_area_lookup,Boxes'!E1,Boxes,
Assignment_P_9,Assignment'!M52,Assignment,
TEST_STAT_LIST,Sheet26'!K5:K7,Sheet26,
user_box_8,Matrix 4'!F22,Matrix 4,
A_Station_Core_Table_Override,Override Core Apparatus'!A1:CN14,Override Core Apparatus,
COL_fire_due_1,Postals'!#REF!,Postals,
COL_RD_zip_code,raw_data'!M1,raw_data,
tone3,Sheet26'!G16,Sheet26,
A_Station_Table_Default,Default Station Apparatus'!A1:CL14,Default Station Apparatus,
user_recommendation_5,Matrix 3'!C10,Matrix 3,
COL_RD_fire_district,raw_data'!E1,raw_data,
full_assignment_4_MOD,Assignment'!E50,Assignment,
COL_running_knight_trucks,RunningOrderFull'!AE1,RunningOrderFull,
full_assignment_4,Assignment'!C50,Assignment,
ARFF_1,Current Station Apparatus'!N3:N55,Current Station Apparatus,
TONE_STA1,Sheet26'!G19,Sheet26,
KT_1,Current Station Apparatus'!AQ3:AQ55,Current Station Apparatus,
mod_offset_8,Assignment'!I51,Assignment,
USAR_A,Current Station Apparatus'!W3:Z55,Current Station Apparatus,
LIST_station_current_county,Current Station Apparatus'!A15:A38,Current Station Apparatus,
A_Station_Table_Current,Current Station Apparatus'!A1:CL14,Current Station Apparatus,
full_assignment_3_MOD,Assignment'!Q25,Assignment,
TONE_STA5,Sheet26'!G23,Sheet26,
Assignment_P_5,Assignment'!G27,Assignment,
user_hydranted_6,Matrix 3'!F24,Matrix 3,
user_running_order_col_2,Matrix 1'!#REF!,Matrix 1,
user_hydranted_8,Matrix 4'!F24,Matrix 4,
FireStationApparatus_current,Current Station Apparatus'!A3:CL43,Current Station Apparatus,
TONE_LINKS_2,Tone List'!D2:D15,Tone List,
user_verbal_5,Matrix 3'!C12:F12,Matrix 3,
user_district_5,Matrix 3'!F3,Matrix 3,
FireStation12,Current Station Apparatus'!B14:CL14,Current Station Apparatus,
COL_running_chiefs,RunningOrderFull'!AO1,RunningOrderFull,
TONE_STA13,Sheet26'!G31,Sheet26,
user_postal_4,Matrix 2'!C20,Matrix 2,
D_DEFAULT,Default Station Apparatus'!A2:CL55,Default Station Apparatus,
current_assignment_8_MOD,Assignment'!K53:K74,Assignment,
HELO_2,Current Station Apparatus'!CF3:CF55,Current Station Apparatus,
ROW_station_depth,RunningOrderFull'!Q2,RunningOrderFull,
tone2,Sheet26'!G15,Sheet26,
COL_running_order_lookup,Boxes'!F1,Boxes,
postal,Postals'!C5:C17659,Postals,
COL_incident_type,ProQA'!B1,ProQA,
FireStation6,Current Station Apparatus'!B8:CL8,Current Station Apparatus,
current_assignment_2,Assignment'!I3:I24,Assignment,
,,,
--- ALL SHEETS ---,,,
Sheet Name,Sheet ID (gid),Rows,Columns
Matrix 1,690044276,40,15
Matrix 2,1221290491,36,15
Matrix 3,616090163,36,15
Postals,0,18159,27
raw_data,1504508962,17657,34
Sheet46,1465758520,18158,28
Matrix 4,1555161719,36,15
Tone List,1157860255,15,12
Protections,759289558,8,2
Boxes,1605397196,1240,6
ProQA,1093709863,6655,29
Override Core Apparatus,2002850968,14,92
Override Other Apparatus,1425248607,14,92
_METADATA,803824748,2246,26
RunningOrder,648113693,801,3
Sheet51,725488950,1000,26
Sheet45,2054453398,14,108
Current Station Apparatus,1697359715,55,90
Default Station Apparatus,700477466,55,90
Response,710732092,1565,26
Response Police,998365538,1366,25
Priority Group,676015798,8,10
Sheet26,436229924,1011,332
ProQA Police,968494774,6127,26
Sheet23,1713348843,21,3
RunningOrderFull,624543467,797,43
ApparatusTypes,710006705,240,2
Assignment,1522557943,75,17
,,,
--- MATRIX 1 FORMULAS ---,,,
Cell,Formula,Displayed Value,
H1,1,4,
I1,1,1,
J1,1,0,
K1,1,6,
L1,1,6,
M1,1,2,
N1,3,13,
O1,3,11,
B2,Time now 01:28Z,Time now 01:26Z,
G2,68 UNITS ACTIVE,68 UNITS ACTIVE,
B3,Postal,Postal,
E3, is in District , is in District ,
F3,9,9,
G3,"1 (34/34)
2 (25/25)
3 (0/27)
4 (0/47)
5 (0/24)
6 (0/21)
7 (0/36)
8 (0/22)
9 (0/29)
10 (0/8)
11 (0/22)
12 (9/9)","1 (34/34)
2 (25/25)
3 (0/27)
4 (0/47)
5 (0/24)
6 (0/21)
7 (0/36)
8 (0/22)
9 (0/29)
10 (0/8)
11 (0/22)
12 (9/9)",
H3,#REF!,"+E001
 E201
+E002
+E012",
I3,#REF!,+T001,
J3,#REF!,+R020,
K3,#REF!," M001
 M201
+M002",
L3,#REF!," A001
 A201
 A002",
M3,#REF!," TNK01
 TNK02",
N3,,,
O3,,,
B5,Location Filter:,Location Filter:,
B7,Jurisdiction:,Jurisdiction:,
C7,GS [1:5D 2: S: O:],GS [1:5D 2: S: O:],
D7,,,
F7,BOX: 9-14,BOX: 9-14,
B8,The running order is:,The running order is:,
C8,"9,2,3,11,12,4,10,7,6,1,8,5","9,2,3,11,12,4,10,7,6,1,8,5",
B9,Insert custom box →,Insert custom box →,
E9,,Hydranted,
F9,FALSE,FALSE,
B10,Determinant Code,Determinant Code,
D10, receives a(n) , receives a(n) ,
E10,FJ / FIRE|HOUSE,FJ / FIRE|HOUSE,
B12,Recommendation [3E+1T+1R+1M+1CH]:,Recommendation [3E+1T+1R+1M+1CH]:,
C12,E002 E012 E001 T001 R020 M002 BC22 [69D06],E002 E012 E001 T001 R020 M002 BC22 [69D06],
B13,,,
C13,,,
E13,"LOCATION: 100 NB ROUTE 13 FWY (NB SENORA FWY) / UNION RD NB SENORA FWY (NB ROUTE 13 FWY)
CROSS: E JOSHUA RD TO UNION RD
RECOMMENDATION: E002 E012 E001 T001 R020 M002 BC22 [69D06]
UNITS ASSIGNED: 
INCIDENT: STRUCTURE FIRE, RESIDENTIAL (SINGLE)","LOCATION: 100 NB ROUTE 13 FWY (NB SENORA FWY) / UNION RD NB SENORA FWY (NB ROUTE 13 FWY)
CROSS: E JOSHUA RD TO UNION RD
RECOMMENDATION: E002 E012 E001 T001 R020 M002 BC22 [69D06]
UNITS ASSIGNED: 
INCIDENT: STRUCTURE FIRE, RESIDENTIAL (SINGLE)",
B14,,,
C14,,,
B15,Engines in order:,Engines in order:,
C15,E002 E012 E001 E020 1ALM	E021 E022 E023 E024 2ALM	E025 E026 E027 E201 3ALM	E220 E221 E222 E223 4ALM	E224 E225 E226 E227 5ALM	QNT22 QNT23,E002 E012 E001 E020 1ALM	E021 E022 E023 E024 2ALM	E025 E026 E027 E201 3ALM	E220 E221 E222 E223 4ALM	E224 E225 E226 E227 5ALM	QNT22 QNT23,
B16,Trucks in order:,Trucks in order:,
C16,T001 T020 L021 QNT22 QNT23 TL024 L027 T220 T221 L224,T001 T020 L021 QNT22 QNT23 TL024 L027 T220 T221 L224,
B17,Rescue/Squads in order:,Rescue/Squads in order:,
C17,R020 R021 R022 R023 R024 R026 R027 R220 R221 R222 R223 R224 R226 R227,R020 R021 R022 R023 R024 R026 R027 R220 R221 R222 R223 R224 R226 R227,
B18,Tankers in order:,Tankers in order:,
C18,TNK02 TNK01 TNK20 TNK21 TNK22 TNK23 TNK24 TNK25 TNK26 TNK27,TNK02 TNK01 TNK20 TNK21 TNK22 TNK23 TNK24 TNK25 TNK26 TNK27,
B19,EMS Transports in order:,EMS Transports in order:,
C19,M002 M001 M020 M021 M022 M023 M024 M025 M026 M027 M201 M220 M221 M222 M223 M224 M225 M226 M227 ARCHER AMR A002 A001 A020 A021 A022 A023 A024 A025 A026 A027 A201 A220 A221 A222 A223 AMR,M002 M001 M020 M021 M022 M023 M024 M025 M026 M027 M201 M220 M221 M222 M223 M224 M225 M226 M227 ARCHER AMR A002 A001 A020 A021 A022 A023 A024 A025 A026 A027 A201 A220 A221 A222 A223 AMR,
B20,DSO Units in order:,DSO Units in order:,
C20,HM20 HM21 HM22 HM23 HM24 HM27 USAR20 UK902 K920 US02 UU01 UU20 UTV02 ATV02 UTV01 ATV01 FC20 SW01 MARRES01 SW20 SW21 SW22 SW23 MARSUP02 DIVE01 MARSUP01 DIVE20 DIVE21 DIVE22 DIVE23 GUARDIAN02 MARINE20 MARINE21 MARINE22 MARINE23 RB20 RB21 RB22 RB23 BWDS20 BWDS21 BWDS22 BWDS23 AIR23 AIR25 AIR26 AIR31 AIR33 AIR34 AIR51 AIR52,HM20 HM21 HM22 HM23 HM24 HM27 USAR20 UK902 K920 US02 UU01 UU20 UTV02 ATV02 UTV01 ATV01 FC20 SW01 MARRES01 SW20 SW21 SW22 SW23 MARSUP02 DIVE01 MARSUP01 DIVE20 DIVE21 DIVE22 DIVE23 GUARDIAN02 MARINE20 MARINE21 MARINE22 MARINE23 RB20 RB21 RB22 RB23 BWDS20 BWDS21 BWDS22 BWDS23 AIR23 AIR25 AIR26 AIR31 AIR33 AIR34 AIR51 AIR52,
B22,Input a postal →,Input a postal →,
E22,,,
F22,,,
B24,Input postal(s) →,Input postal(s) →,
B26,,,
C26,,,
D26,,,
F26,,,
B27,,,
C27,,,
B28,Insert custom box →,Insert custom box →,
E28,,,
F28,,,
B29,Input a ProQA code →,Input a ProQA code →,
D29,,,
E29,,,
B31,,,
C31,,,
B32,,,
C32,,,
E32,,,
B33,Pre-Incident Guideline:,Pre-Incident Guideline:,
C33,#N/A,#N/A,
B34,,,
C34,#VALUE!,#VALUE!,
B35,,,
C35,,,
B36,,,
C36,,,
B37,,,
C37,,,
B38,,,
C38,,,
B39,,,
C39,,,
,,,
--- ASSIGNMENT SHEET FORMULAS ---,,,
Cell,Formula,Displayed Value,
A1,6,6,
B1,2,2,
C1,2,3,
G1,6,6,
H1,2,8,
I1,2,9,
M1,6,6,
N1,2,14,
O1,2,15,
A2,69D06,69D06,
C2,FIRE|HOUSE / FJ,FIRE|HOUSE / FJ,
E2,,,
G2,,,
I2,#N/A,#N/A,
K2,,,
M2,71B05H,71B05H,
O2,FIRE|VEH|HM / FVH,FIRE|VEH|HM / FVH,
Q2,,,
A3,#REF!,Engines,
B3,#REF!,3,
C3,#VALUE!,E002 E012 E001,
D3,#N/A,Fire Administrator 2,
E3,,,
G3,#REF!,Engines,
H3,,,
I3,#VALUE!,,
J3,#N/A,,
K3,,,
M3,#REF!,Engines,
N3,#REF!,1,
O3,#VALUE!,E001,
Q3,,,
B4,#REF!,1,
C4,#VALUE!,T001,
E4,,,
H4,,,
I4,#VALUE!,,
K4,,,
N4,#REF!,0,
O4,#VALUE!,,
Q4,,,
B5,#REF!,1,
C5,#VALUE!,R020,
E5,,,
H5,,,
I5,#VALUE!,,
K5,,,
N5,#REF!,0,
O5,#VALUE!,,
Q5,,,
B6,#REF!,1,
C6,#VALUE!,M002,
E6,,,
H6,,,
I6,#VALUE!,,
K6,,,
N6,#REF!,0,
O6,#VALUE!,,
Q6,,,
B7,#REF!,0,
C7,#VALUE!,,
E7,,,
H7,,,
I7,#VALUE!,,
K7,,,
N7,#REF!,0,
O7,#VALUE!,,
Q7,,,
B8,#REF!,0,
C8,#VALUE!,,
E8,,,
H8,,,
I8,#VALUE!,,
K8,,,
N8,#REF!,0,
O8,#VALUE!,,
Q8,,,
B9,#REF!,0,
C9,#VALUE!,,
E9,,,
H9,,,
I9,#VALUE!,,
K9,,,
N9,#REF!,0,
O9,#VALUE!,,
Q9,,,
B10,#REF!,0,
C10,#VALUE!,,
E10,,,
H10,,,
I10,#VALUE!,,
K10,,,
N10,#REF!,0,
O10,#VALUE!,,
Q10,,,
B11,#REF!,0,
C11,#VALUE!,,
E11,,,
H11,,,
I11,#VALUE!,,
K11,,,
N11,#REF!,0,
O11,#VALUE!,,
Q11,,,
B12,#REF!,0,
C12,#VALUE!,,
E12,,,
H12,,,
I12,#VALUE!,,
K12,,,
N12,#REF!,0,
O12,#VALUE!,,
Q12,,,
B13,#REF!,0,
C13,#VALUE!,,
E13,,,
H13,,,
I13,#VALUE!,,
K13,,,
N13,#REF!,0,
O13,#VALUE!,,
Q13,,,
B14,#REF!,0,
C14,#VALUE!,,
E14,,,
H14,,,
I14,#VALUE!,,
K14,,,
N14,#REF!,0,
O14,#VALUE!,,
Q14,,,
B15,#REF!,0,
C15,#VALUE!,,
E15,,,
H15,,,
I15,#VALUE!,,
K15,,,
N15,#REF!,0,
O15,#VALUE!,,
Q15,,,
B16,#REF!,0,
C16,#VALUE!,,
E16,,,
H16,,,
I16,#VALUE!,,
K16,,,
N16,#REF!,1,
O16,#VALUE!,HM20,
Q16,,,
B17,#REF!,0,
C17,#VALUE!,,
E17,,,
H17,,,
I17,#VALUE!,,
K17,,,
N17,#REF!,0,
O17,#VALUE!,,
Q17,,,
B18,#REF!,0,
C18,#VALUE!,,
E18,,,
H18,,,
I18,#VALUE!,,
K18,,,
N18,#REF!,0,
O18,#VALUE!,,
Q18,,,
B19,#REF!,0,
C19,#VALUE!,,
E19,,,
H19,,,
I19,#VALUE!,,
K19,,,
N19,#REF!,0,
O19,#VALUE!,,
Q19,,,
B20,#REF!,0,
C20,#VALUE!,,
E20,,,
H20,,,
I20,#VALUE!,,
K20,,,
N20,#REF!,0,
O20,#VALUE!,,
Q20,,,
B21,#REF!,0,
C21,#VALUE!,,
E21,,,
H21,,,
I21,#VALUE!,,
K21,,,
N21,#REF!,0,
O21,#VALUE!,,
Q21,,,
B22,#REF!,1,
C22,#VALUE!,BC22,
E22,,,
H22,,,
I22,#VALUE!,,
K22,,,
N22,#REF!,1,
O22,#VALUE!,BC21,
Q22,,,
B23,#REF!,0,
C23,#VALUE!,,
E23,,,
H23,,,
I23,#VALUE!,,
K23,,,
N23,#REF!,1,
O23,#VALUE!,[FM01],
Q23,,,
B24,,,
C24,Assignment'!D74,,
E24,,,
H24,,,
I24,,,
K24,,,
N24,[DSO] [FMO],[DSO] [FMO],
O24,,[DSO] [FMO],
Q24,,,
C25,E002 E012 E001 T001 R020 M002 BC22 [69D06],E002 E012 E001 T001 R020 M002 BC22 [69D06],
D25,Fire Administrator 2?,Fire Administrator 2?,
E25,#VALUE!,#VALUE!,
I25,[],[],
J25,?,?,
K25,#VALUE!,#VALUE!,
O25,E001 HM20 BC21 [FM01] [DSO] [FMO] [71B05H],E001 HM20 BC21 [FM01] [DSO] [FMO] [71B05H],
Q25,#VALUE!,#VALUE!,
A26,-953,-19,
B26,2,2,
C26,2,3,
G26,-956,-19,
H26,2,8,
I26,2,9,
M26,-959,-19,
N26,2,14,
O26,2,15,
A27,69E00R,69E00R,
C27,FIRE|BLDG|TRAP / FJT,FIRE|BLDG|TRAP / FJT,
E27,,,
G27,,,
I27,#N/A,#N/A,
K27,,,
M27,27D02G,27D02G,
O27,SHOT|w/PD|ALS2 / AL2D,SHOT|w/PD|ALS2 / AL2D,
Q27,,,
A28,#REF!,Engines,
B28,#REF!,3,
C28,#VALUE!,#N/A,
E28,,,
G28,#REF!,Engines,
H28,,,
I28,#VALUE!,,
K28,,,
M28,#REF!,Engines,
N28,#REF!,1,
O28,#VALUE!,E002,
Q28,,,
B29,#REF!,1,
C29,#VALUE!,#N/A,
E29,,,
H29,,,
I29,#VALUE!,,
K29,,,
N29,#REF!,0,
O29,#VALUE!,,
Q29,,,
B30,#REF!,1,
C30,#VALUE!,#N/A,
E30,,,
H30,,,
I30,#VALUE!,,
K30,,,
N30,#REF!,0,
O30,#VALUE!,,
Q30,,,
B31,#REF!,2,
C31,#VALUE!,#N/A,
E31,,,
H31,,,
I31,#VALUE!,,
K31,,,
N31,#REF!,1,
O31,#VALUE!,M002,
Q31,,,
B32,#REF!,0,
C32,#VALUE!,,
E32,,,
H32,,,
I32,#VALUE!,,
K32,,,
N32,#REF!,0,
O32,#VALUE!,,
Q32,,,
B33,#REF!,0,
C33,#VALUE!,,
E33,,,
H33,,,
I33,#VALUE!,,
K33,,,
N33,#REF!,1,
O33,#VALUE!,S001,
Q33,,,
B34,#REF!,0,
C34,#VALUE!,,
E34,,,
H34,,,
I34,#VALUE!,,
K34,,,
N34,#REF!,0,
O34,#VALUE!,,
Q34,,,
B35,#REF!,0,
C35,#VALUE!,,
E35,,,
H35,,,
I35,#VALUE!,,
K35,,,
N35,#REF!,0,
O35,#VALUE!,,
Q35,,,
B36,#REF!,0,
C36,#VALUE!,,
E36,,,
H36,,,
I36,#VALUE!,,
K36,,,
N36,#REF!,0,
O36,#VALUE!,,
Q36,,,
B37,#REF!,0,
C37,#VALUE!,,
E37,,,
H37,,,
I37,#VALUE!,,
K37,,,
N37,#REF!,0,
O37,#VALUE!,,
Q37,,,
B38,#REF!,0,
C38,#VALUE!,,
E38,,,
H38,,,
I38,#VALUE!,,
K38,,,
N38,#REF!,0,
O38,#VALUE!,,
Q38,,,
B39,#REF!,0,
C39,#VALUE!,,
E39,,,
H39,,,
I39,#VALUE!,,
K39,,,
N39,#REF!,0,
O39,#VALUE!,,
Q39,,,
B40,#REF!,0,
C40,#VALUE!,,
E40,,,
H40,,,
I40,#VALUE!,,
K40,,,
N40,#REF!,0,
O40,#VALUE!,,
Q40,,,
B41,#REF!,0,
C41,#VALUE!,,
E41,,,
H41,,,
I41,#VALUE!,,
K41,,,
N41,#REF!,0,
O41,#VALUE!,,
Q41,,,
B42,#REF!,0,
C42,#VALUE!,,
E42,,,
H42,,,
I42,#VALUE!,,
K42,,,
N42,#REF!,0,
O42,#VALUE!,,
Q42,,,
B43,#REF!,0,
C43,#VALUE!,,
E43,,,
H43,,,
I43,#VALUE!,,
K43,,,
N43,#REF!,0,
O43,#VALUE!,,
Q43,,,
B44,#REF!,0,
C44,#VALUE!,,
E44,,,
H44,,,
I44,#VALUE!,,
K44,,,
N44,#REF!,0,
O44,#VALUE!,,
Q44,,,
B45,#REF!,0,
C45,#VALUE!,,
E45,,,
H45,,,
I45,#VALUE!,,
K45,,,
N45,#REF!,0,
O45,#VALUE!,,
Q45,,,
B46,#REF!,0,
C46,#VALUE!,,
E46,,,
H46,,,
I46,#VALUE!,,
K46,,,
N46,#REF!,0,
O46,#VALUE!,,
Q46,,,
B47,#REF!,1,
C47,#VALUE!,#N/A,
E47,,,
H47,,,
I47,#VALUE!,,
K47,,,
N47,#REF!,0,
O47,#VALUE!,,
Q47,,,
B48,#REF!,0,
C48,#VALUE!,,
E48,,,
H48,,,
I48,#VALUE!,,
K48,,,
N48,#REF!,0,
O48,#VALUE!,,
Q48,,,
B49,,,
C49,Override Other Apparatus'!C3:C14,,
E49,,,
H49,,,
I49,,,
K49,,,
N49,[PD],[PD],
O49,,[PD],
Q49,,,
C50,#N/A,#N/A,
E50,#N/A,#N/A,
I50,[],[],
K50,#VALUE!,#VALUE!,
O50,E002 M002 S001 [PD] [27D02G],E002 M002 S001 [PD] [27D02G],
Q50,#VALUE!,#VALUE!,
A51,-1178,-44,
B51,2,2,
C51,2,3,
G51,-1181,-44,
H51,2,8,
I51,2,9,
M51,-1184,-44,
N51,2,14,
O51,2,15,
A52,1ALM,1ALM,
C52,1ST ALARM / 1ST,1ST ALARM / 1ST,
E52,,,
G52,NATGASLEAKMAJOR,NATGASLEAKMAJOR,
I52,GASMAJOR / GASFULL,GASMAJOR / GASFULL,
K52,,,
M52,#NAME?,#NAME?,
O52,#NAME?,#NAME?,
Q52,#NAME?,#NAME?,
A53,#REF!,Engines,
B53,#REF!,3,
C53,#VALUE!,#N/A,
E53,,,
G53,#REF!,Engines,
H53,#REF!,3,
I53,#VALUE!,#N/A,
K53,,,
M53,#REF!,Engines,
N53,#NAME?,#NAME?,
O53,#VALUE!,#NAME?,
Q53,#NAME?,#NAME?,
B54,#REF!,1,
C54,#VALUE!,#N/A,
E54,,,
H54,#REF!,1,
I54,#VALUE!,#N/A,
K54,,,
N54,#NAME?,#NAME?,
O54,#VALUE!,#NAME?,
Q54,#NAME?,#NAME?,
B55,#REF!,0,
C55,#VALUE!,,
E55,,,
H55,#REF!,1,
I55,#VALUE!,#N/A,
K55,,,
N55,#NAME?,#NAME?,
O55,#VALUE!,#NAME?,
Q55,#NAME?,#NAME?,
B56,#REF!,1,
C56,#VALUE!,#N/A,
E56,,,
H56,#REF!,1,
I56,#VALUE!,#N/A,
K56,,,
N56,#NAME?,#NAME?,
O56,#VALUE!,#NAME?,
Q56,#NAME?,#NAME?,
B57,#REF!,0,
C57,#VALUE!,,
E57,,,
H57,#REF!,0,
I57,#VALUE!,,
K57,,,
N57,#NAME?,#NAME?,
O57,#VALUE!,#NAME?,
Q57,#NAME?,#NAME?,
B58,#REF!,0,
C58,#VALUE!,,
E58,,,
H58,#REF!,0,
I58,#VALUE!,,
K58,,,
N58,#NAME?,#NAME?,
O58,#VALUE!,#NAME?,
Q58,#NAME?,#NAME?,
B59,#REF!,0,
C59,#VALUE!,,
E59,,,
H59,#REF!,0,
I59,#VALUE!,,
K59,,,
N59,#NAME?,#NAME?,
O59,#VALUE!,#NAME?,
Q59,#NAME?,#NAME?,
B60,#REF!,0,
C60,#VALUE!,,
E60,,,
H60,#REF!,0,
I60,#VALUE!,,
K60,,,
N60,#NAME?,#NAME?,
O60,#VALUE!,#NAME?,
Q60,#NAME?,#NAME?,
B61,#REF!,0,
C61,#VALUE!,,
E61,,,
H61,#REF!,0,
I61,#VALUE!,,
K61,,,
N61,#NAME?,#NAME?,
O61,#VALUE!,#NAME?,
Q61,#NAME?,#NAME?,
B62,#REF!,0,
C62,#VALUE!,,
E62,,,
H62,#REF!,0,
I62,#VALUE!,,
K62,,,
N62,#NAME?,#NAME?,
O62,#VALUE!,#NAME?,
Q62,#NAME?,#NAME?,
B63,#REF!,0,
C63,#VALUE!,,
E63,,,
H63,#REF!,0,
I63,#VALUE!,,
K63,,,
N63,#NAME?,#NAME?,
O63,#VALUE!,#NAME?,
Q63,#NAME?,#NAME?,
B64,#REF!,0,
C64,#VALUE!,,
E64,,,
H64,#REF!,0,
I64,#VALUE!,,
K64,,,
N64,#NAME?,#NAME?,
O64,#VALUE!,#NAME?,
Q64,#NAME?,#NAME?,
B65,#REF!,0,
C65,#VALUE!,,
E65,,,
H65,#REF!,0,
I65,#VALUE!,,
K65,,,
N65,#NAME?,#NAME?,
O65,#VALUE!,#NAME?,
Q65,#NAME?,#NAME?,
B66,#REF!,0,
C66,#VALUE!,,
E66,,,
H66,#REF!,1,
I66,#VALUE!,#N/A,
K66,,,
N66,#NAME?,#NAME?,
O66,#VALUE!,#NAME?,
Q66,#NAME?,#NAME?,
B67,#REF!,0,
C67,#VALUE!,,
E67,,,
H67,#REF!,0,
I67,#VALUE!,,
K67,,,
N67,#NAME?,#NAME?,
O67,#VALUE!,#NAME?,
Q67,#NAME?,#NAME?,
B68,#REF!,0,
C68,#VALUE!,,
E68,,,
H68,#REF!,0,
I68,#VALUE!,,
K68,,,
N68,#NAME?,#NAME?,
O68,#VALUE!,#NAME?,
Q68,#NAME?,#NAME?,
B69,#REF!,0,
C69,#VALUE!,,
E69,,,
H69,#REF!,0,
I69,#VALUE!,,
K69,,,
N69,#NAME?,#NAME?,
O69,#VALUE!,#NAME?,
Q69,#NAME?,#NAME?,
B70,#REF!,0,
C70,#VALUE!,,
E70,,,
H70,#REF!,0,
I70,#VALUE!,,
K70,,,
N70,#NAME?,#NAME?,
O70,#VALUE!,#NAME?,
Q70,#NAME?,#NAME?,
B71,#REF!,0,
C71,#VALUE!,,
E71,,,
H71,#REF!,0,
I71,#VALUE!,,
K71,,,
N71,#NAME?,#NAME?,
O71,#VALUE!,#NAME?,
Q71,#NAME?,#NAME?,
B72,#REF!,1,
C72,#VALUE!,#N/A,
E72,,,
H72,#REF!,1,
I72,#VALUE!,#N/A,
K72,,,
N72,#NAME?,#NAME?,
O72,#VALUE!,#NAME?,
Q72,#NAME?,#NAME?,
B73,#REF!,1,
C73,#VALUE!,#N/A,
E73,,,
H73,#REF!,0,
I73,#VALUE!,,
K73,,,
N73,#NAME?,#NAME?,
O73,#VALUE!,#NAME?,
Q73,#NAME?,#NAME?,
B74,[FMO],[FMO],
C74,Sheet26'!A3:A1011,[FMO],
E74,,,
H74,[DWP] [DSO],[DWP] [DSO],
I74,,[DWP] [DSO],
K74,,,
N74,#NAME?,#NAME?,
O74,,#NAME?,
Q74,#NAME?,#NAME?,
C75,#N/A,#N/A,
E75,#N/A,#N/A,
I75,#N/A,#N/A,
K75,#N/A,#N/A,
O75,#NAME?,#NAME?,
Q75,#NAME?,#NAME?,
,,,
--- RUNNINGORDERFULL FORMULAS (first 5 rows) ---,,,
Cell,Formula,,
A1,2,,
B1,2,,
C1,2,,
D1,2,,
E1,2,,
F1,2,,
G1,2,,
H1,2,,
I1,2,,
J1,2,,
K1,2,,
L1,2,,
N1,2,,
O1,2,,
P1,2,,
Q1,2,,
R1,2,,
S1,2,,
T1,2,,
U1,2,,
V1,2,,
W1,2,,
X1,2,,
Y1,2,,
Z1,2,,
AA1,2,,
AB1,2,,
AC1,2,,
AD1,2,,
AE1,2,,
AF1,2,,
AG1,2,,
AH1,2,,
AI1,2,,
AJ1,2,,
AK1,2,,
AL1,2,,
AM1,2,,
AN1,2,,
AO1,2,,
AP1,2,,
AQ1,2,,
Q2,1455,,
A5,#REF!,,
B5,#VALUE!,,
V5,#VALUE!,,
W5,#VALUE!,,
X5,#VALUE!,,
Y5,#VALUE!,,
Z5,#VALUE!,,
AA5,#VALUE!,,
AB5,#VALUE!,,
AC5,#VALUE!,,
AD5,#VALUE!,,
AE5,#VALUE!,,
AF5,#VALUE!,,
AG5,#VALUE!,,
AH5,#VALUE!,,
AI5,#VALUE!,,
AJ5,#VALUE!,,
AK5,#VALUE!,,
AL5,#VALUE!,,
AM5,#VALUE!,,
AN5,#VALUE!,,
AO5,#VALUE!,,
AP5,#VALUE!,,
AQ5,,,
B6,#VALUE!,,
V6,#VALUE!,,
W6,#VALUE!,,
X6,#VALUE!,,
Y6,#VALUE!,,
Z6,#VALUE!,,
AA6,#VALUE!,,
AB6,#VALUE!,,
AC6,#VALUE!,,
AD6,#VALUE!,,
AE6,#VALUE!,,
AF6,#VALUE!,,
AG6,#VALUE!,,
AH6,#VALUE!,,
AI6,#VALUE!,,
AJ6,#VALUE!,,
AK6,#VALUE!,,
AL6,#VALUE!,,
AM6,#VALUE!,,
AN6,#VALUE!,,
AO6,#VALUE!,,
AP6,#VALUE!,,
AQ6,,,
B7,#VALUE!,,
V7,#VALUE!,,
W7,#VALUE!,,
X7,#VALUE!,,
Y7,#VALUE!,,
Z7,#VALUE!,,
AA7,#VALUE!,,
AB7,#VALUE!,,
AC7,#VALUE!,,
AD7,#VALUE!,,
AE7,#VALUE!,,
AF7,#VALUE!,,
AG7,#VALUE!,,
AH7,#VALUE!,,
AI7,#VALUE!,,
AJ7,#VALUE!,,
AK7,#VALUE!,,
AL7,#VALUE!,,
AM7,#VALUE!,,
AN7,#VALUE!,,
AO7,#VALUE!,,
AP7,#VALUE!,,
AQ7,,,
B8,#VALUE!,,
V8,#VALUE!,,
W8,#VALUE!,,
X8,#VALUE!,,
Y8,#VALUE!,,
Z8,#VALUE!,,
AA8,#VALUE!,,
AB8,#VALUE!,,
AC8,#VALUE!,,
AD8,#VALUE!,,
AE8,#VALUE!,,
AF8,#VALUE!,,
AG8,#VALUE!,,
AH8,#VALUE!,,
AI8,#VALUE!,,
AJ8,#VALUE!,,
AK8,#VALUE!,,
AL8,#VALUE!,,
AM8,#VALUE!,,
AN8,#VALUE!,,
AO8,#VALUE!,,
AP8,#VALUE!,,
AQ8,,,
,,,
--- CURRENT STATION APPARATUS FORMULAS (first 5 rows) ---,,,
Cell,Formula,,
B1,2,,
C1,2,,
D1,2,,
E1,2,,
F1,2,,
G1,2,,
H1,2,,
I1,2,,
J1,2,,
K1,2,,
L1,2,,
M1,2,,
N1,2,,
O1,2,,
P1,2,,
Q1,2,,
R1,2,,
S1,2,,
T1,2,,
U1,2,,
V1,2,,
W1,2,,
X1,2,,
Y1,2,,
Z1,2,,
AA1,2,,
AB1,2,,
AC1,2,,
AD1,2,,
AE1,2,,
AF1,2,,
AG1,2,,
AH1,2,,
AI1,2,,
AJ1,2,,
AK1,2,,
AL1,2,,
AM1,2,,
AN1,2,,
AO1,2,,
AP1,2,,
AQ1,2,,
AR1,2,,
AS1,2,,
AT1,2,,
AU1,2,,
AV1,2,,
AW1,2,,
AX1,2,,
AY1,2,,
AZ1,2,,
BA1,2,,
BB1,2,,
BC1,2,,
BD1,2,,
BE1,2,,
BF1,2,,
BG1,2,,
BH1,2,,
BI1,2,,
BJ1,2,,
BK1,2,,
BL1,2,,
BM1,2,,
BN1,2,,
BO1,2,,
BP1,2,,
BQ1,2,,
BR1,2,,
BS1,2,,
BT1,2,,
BU1,2,,
BV1,2,,
BW1,2,,
BX1,2,,
BY1,2,,
BZ1,2,,
CA1,2,,
CB1,2,,
CC1,2,,
CD1,2,,
CE1,2,,
CF1,2,,
CG1,2,,
CH1,2,,
CI1,2,,
CJ1,2,,
CK1,2,,
CL1,2,,
B3,#NUM!,,
C3,#NUM!,,
D3,#NUM!,,
E3,#NUM!,,
F3,#NUM!,,
G3,#NUM!,,
H3,#NUM!,,
I3,#NUM!,,
J3,#NUM!,,
K3,#NUM!,,
L3,#NUM!,,
M3,#NUM!,,
N3,#NUM!,,
O3,#NUM!,,
P3,#NUM!,,
Q3,#NUM!,,
R3,#NUM!,,
S3,#NUM!,,
T3,#NUM!,,
U3,#NUM!,,
V3,#NUM!,,
W3,#NUM!,,
X3,#NUM!,,
Y3,#NUM!,,
Z3,#NUM!,,
AA3,#NUM!,,
AB3,#NUM!,,
AC3,#NUM!,,
AD3,#NUM!,,
AE3,#NUM!,,
AF3,#NUM!,,
AG3,#NUM!,,
AH3,#NUM!,,
AI3,#NUM!,,
AJ3,#NUM!,,
AK3,#NUM!,,
AL3,#NUM!,,
AM3,#NUM!,,
AN3,#NUM!,,
AO3,#NUM!,,
AP3,#NUM!,,
AQ3,#NUM!,,
AR3,#NUM!,,
AS3,#NUM!,,
AT3,#NUM!,,
AU3,#NUM!,,
AV3,#NUM!,,
AW3,#NUM!,,
AX3,#NUM!,,
AY3,#NUM!,,
AZ3,#NUM!,,
BA3,#NUM!,,
BB3,#NUM!,,
BC3,#NUM!,,
BD3,#NUM!,,
BE3,#NUM!,,
BF3,#NUM!,,
BG3,#NUM!,,
BH3,#NUM!,,
BI3,#NUM!,,
BJ3,#NUM!,,
BK3,#NUM!,,
BL3,#NUM!,,
BM3,#NUM!,,
BN3,#NUM!,,
BO3,#NUM!,,
BP3,#NUM!,,
BQ3,#NUM!,,
BR3,#NUM!,,
BS3,#NUM!,,
BT3,#NUM!,,
BU3,#NUM!,,
BV3,#NUM!,,
BW3,#NUM!,,
BX3,#NUM!,,
BY3,#NUM!,,
BZ3,#NUM!,,
CA3,#NUM!,,
CB3,#NUM!,,
CC3,#NUM!,,
CD3,#NUM!,,
CE3,#NUM!,,
CF3,#NUM!,,
CG3,#NUM!,,
CH3,#NUM!,,
CI3,#NUM!,,
CJ3,#NUM!,,
CK3,#NUM!,,
CL3,#NUM!,,
B4,#NUM!,,
C4,#NUM!,,
D4,#NUM!,,
E4,#NUM!,,
F4,#NUM!,,
G4,#NUM!,,
H4,#NUM!,,
I4,#NUM!,,
J4,#NUM!,,
K4,#NUM!,,
L4,#NUM!,,
M4,#NUM!,,
N4,#NUM!,,
O4,#NUM!,,
P4,#NUM!,,
Q4,#NUM!,,
R4,#NUM!,,
S4,#NUM!,,
T4,#NUM!,,
U4,#NUM!,,
V4,#NUM!,,
W4,#NUM!,,
X4,#NUM!,,
Y4,#NUM!,,
Z4,#NUM!,,
AA4,#NUM!,,
AB4,#NUM!,,
AC4,#NUM!,,
AD4,#NUM!,,
AE4,#NUM!,,
AF4,#NUM!,,
AG4,#NUM!,,
AH4,#NUM!,,
AI4,#NUM!,,
AJ4,#NUM!,,
AK4,#NUM!,,
AL4,#NUM!,,
AM4,#NUM!,,
AN4,#NUM!,,
AO4,#NUM!,,
AP4,#NUM!,,
AQ4,#NUM!,,
AR4,#NUM!,,
AS4,#NUM!,,
AT4,#NUM!,,
AU4,#NUM!,,
AV4,#NUM!,,
AW4,#NUM!,,
AX4,#NUM!,,
AY4,#NUM!,,
AZ4,#NUM!,,
BA4,#NUM!,,
BB4,#NUM!,,
BC4,#NUM!,,
BD4,#NUM!,,
BE4,#NUM!,,
BF4,#NUM!,,
BG4,#NUM!,,
BH4,#NUM!,,
BI4,#NUM!,,
BJ4,#NUM!,,
BK4,#NUM!,,
BL4,#NUM!,,
BM4,#NUM!,,
BN4,#NUM!,,
BO4,#NUM!,,
BP4,#NUM!,,
BQ4,#NUM!,,
BR4,#NUM!,,
BS4,#NUM!,,
BT4,#NUM!,,
BU4,#NUM!,,
BV4,#NUM!,,
BW4,#NUM!,,
BX4,#NUM!,,
BY4,#NUM!,,
BZ4,#NUM!,,
CA4,#NUM!,,
CB4,#NUM!,,
CC4,#NUM!,,
CD4,#NUM!,,
CE4,#NUM!,,
CF4,#NUM!,,
CG4,#NUM!,,
CH4,#NUM!,,
CI4,#NUM!,,
CJ4,#NUM!,,
CK4,#NUM!,,
CL4,#NUM!,,
B5,#NUM!,,
C5,#NUM!,,
D5,#NUM!,,
E5,#NUM!,,
F5,#NUM!,,
G5,#NUM!,,
H5,#NUM!,,
I5,#NUM!,,
J5,#NUM!,,
K5,#NUM!,,
L5,#NUM!,,
M5,#NUM!,,
N5,#NUM!,,
O5,#NUM!,,
P5,#NUM!,,
Q5,#NUM!,,
R5,#NUM!,,
S5,#NUM!,,
T5,#NUM!,,
U5,#NUM!,,
V5,#NUM!,,
W5,#NUM!,,
X5,#NUM!,,
Y5,#NUM!,,
Z5,#NUM!,,
AA5,#NUM!,,
AB5,#NUM!,,
AC5,#NUM!,,
AD5,#NUM!,,
AE5,#NUM!,,
AF5,#NUM!,,
AG5,#NUM!,,
AH5,#NUM!,,
AI5,#NUM!,,
AJ5,#NUM!,,
AK5,#NUM!,,
AL5,#NUM!,,
AM5,#NUM!,,
AN5,#NUM!,,
AO5,#NUM!,,
AP5,#NUM!,,
AQ5,#NUM!,,
AR5,#NUM!,,
AS5,#NUM!,,
AT5,#NUM!,,
AU5,#NUM!,,
AV5,#NUM!,,
AW5,#NUM!,,
AX5,#NUM!,,
AY5,#NUM!,,
AZ5,#NUM!,,
BA5,#NUM!,,
BB5,#NUM!,,
BC5,#NUM!,,
BD5,#NUM!,,
BE5,#NUM!,,
BF5,#NUM!,,
BG5,#NUM!,,
BH5,#NUM!,,
BI5,#NUM!,,
BJ5,#NUM!,,
BK5,#NUM!,,
BL5,#NUM!,,
BM5,#NUM!,,
BN5,#NUM!,,
BO5,#NUM!,,
BP5,#NUM!,,
BQ5,#NUM!,,
BR5,#NUM!,,
BS5,#NUM!,,
BT5,#NUM!,,
BU5,#NUM!,,
BV5,#NUM!,,
BW5,#NUM!,,
BX5,#NUM!,,
BY5,#NUM!,,
BZ5,#NUM!,,
CA5,#NUM!,,
CB5,#NUM!,,
CC5,#NUM!,,
CD5,#NUM!,,
CE5,#NUM!,,
CF5,#NUM!,,
CG5,#NUM!,,
CH5,#NUM!,,
CI5,#NUM!,,
CJ5,#NUM!,,
CK5,#NUM!,,
CL5,#NUM!,,
B6,#NUM!,,
C6,#NUM!,,
D6,#NUM!,,
E6,#NUM!,,
F6,#NUM!,,
G6,#NUM!,,
H6,#NUM!,,
I6,#NUM!,,
J6,#NUM!,,
K6,#NUM!,,
L6,#NUM!,,
M6,#NUM!,,
N6,#NUM!,,
O6,#NUM!,,
P6,#NUM!,,
Q6,#NUM!,,
R6,#NUM!,,
S6,#NUM!,,
T6,#NUM!,,
U6,#NUM!,,
V6,#NUM!,,
W6,#NUM!,,
X6,#NUM!,,
Y6,#NUM!,,
Z6,#NUM!,,
AA6,#NUM!,,
AB6,#NUM!,,
AC6,#NUM!,,
AD6,#NUM!,,
AE6,#NUM!,,
AF6,#NUM!,,
AG6,#NUM!,,
AH6,#NUM!,,
AI6,#NUM!,,
AJ6,#NUM!,,
AK6,#NUM!,,
AL6,#NUM!,,
AM6,#NUM!,,
AN6,#NUM!,,
AO6,#NUM!,,
AP6,#NUM!,,
AQ6,#NUM!,,
AR6,#NUM!,,
AS6,#NUM!,,
AT6,#NUM!,,
AU6,#NUM!,,
AV6,#NUM!,,
AW6,#NUM!,,
AX6,#NUM!,,
AY6,#NUM!,,
AZ6,#NUM!,,
BA6,#NUM!,,
BB6,#NUM!,,
BC6,#NUM!,,
BD6,#NUM!,,
BE6,#NUM!,,
BF6,#NUM!,,
BG6,#NUM!,,
BH6,#NUM!,,
BI6,#NUM!,,
BJ6,#NUM!,,
BK6,#NUM!,,
BL6,#NUM!,,
BM6,#NUM!,,
BN6,#NUM!,,
BO6,#NUM!,,
BP6,#NUM!,,
BQ6,#NUM!,,
BR6,#NUM!,,
BS6,#NUM!,,
BT6,#NUM!,,
BU6,#NUM!,,
BV6,#NUM!,,
BW6,#NUM!,,
BX6,#NUM!,,
BY6,#NUM!,,
BZ6,#NUM!,,
CA6,#NUM!,,
CB6,#NUM!,,
CC6,#NUM!,,
CD6,#NUM!,,
CE6,#NUM!,,
CF6,#NUM!,,
CG6,#NUM!,,
CH6,#NUM!,,
CI6,#NUM!,,
CJ6,#NUM!,,
CK6,#NUM!,,
CL6,#NUM!,,
,,,
--- OVERRIDE CORE APPARATUS FORMULAS ---,,,
Cell,Formula,,
D1,2,,
E1,2,,
F1,2,,
G1,2,,
H1,2,,
I1,2,,
J1,2,,
K1,2,,
L1,2,,
M1,2,,
N1,2,,
O1,2,,
P1,2,,
Q1,2,,
R1,2,,
S1,2,,
T1,2,,
U1,2,,
V1,2,,
W1,2,,
X1,2,,
Y1,2,,
Z1,2,,
AA1,2,,
AB1,2,,
AC1,2,,
AD1,2,,
AE1,2,,
AF1,2,,
AG1,2,,
AH1,2,,
AI1,2,,
AJ1,2,,
AK1,2,,
AL1,2,,
AM1,2,,
AN1,2,,
AO1,2,,
AP1,2,,
AQ1,2,,
AR1,2,,
AS1,2,,
AT1,2,,
AU1,2,,
AV1,2,,
AW1,2,,
AX1,2,,
AY1,2,,
AZ1,2,,
BA1,2,,
BB1,2,,
BC1,2,,
BD1,2,,
BE1,2,,
BF1,2,,
BG1,2,,
BH1,2,,
BI1,2,,
BJ1,2,,
BK1,2,,
BL1,2,,
BM1,2,,
BN1,2,,
BO1,2,,
BP1,2,,
BQ1,2,,
BR1,2,,
BS1,2,,
BT1,2,,
BU1,2,,
BV1,2,,
BW1,2,,
BX1,2,,
BY1,2,,
BZ1,2,,
CA1,2,,
CB1,2,,
CC1,2,,
CD1,2,,
CE1,2,,
CF1,2,,
CG1,2,,
CH1,2,,
CI1,2,,
CJ1,2,,
CK1,2,,
CL1,2,,
CM1,2,,
CN1,2,,
A2,"FS
(68/304)",,
A3,#VALUE!,,
B3,FALSE,,
CF3,#NUM!,,
CG3,#NUM!,,
CH3,#NUM!,,
CI3,#NUM!,,
CJ3,#NUM!,,
CK3,#NUM!,,
CL3,#NUM!,,
CM3,#NUM!,,
CN3,#NUM!,,
A4,#VALUE!,,
B4,FALSE,,
CF4,#NUM!,,
CG4,#NUM!,,
CH4,#NUM!,,
CI4,#NUM!,,
CJ4,#NUM!,,
CK4,#NUM!,,
CL4,#NUM!,,
CM4,#NUM!,,
CN4,#NUM!,,
A5,#VALUE!,,
B5,FALSE,,
CF5,#NUM!,,
CG5,#NUM!,,
CH5,#NUM!,,
CI5,#NUM!,,
CJ5,#NUM!,,
CK5,#NUM!,,
CL5,#NUM!,,
CM5,#NUM!,,
CN5,#NUM!,,
A6,#VALUE!,,
B6,FALSE,,
CF6,#NUM!,,
CG6,#NUM!,,
CH6,#NUM!,,
CI6,#NUM!,,
CJ6,#NUM!,,
CK6,#NUM!,,
CL6,#NUM!,,
CM6,#NUM!,,
CN6,#NUM!,,
A7,#VALUE!,,
B7,FALSE,,
CF7,#NUM!,,
CG7,#NUM!,,
CH7,#NUM!,,
CI7,#NUM!,,
CJ7,#NUM!,,
CK7,#NUM!,,
CL7,#NUM!,,
CM7,#NUM!,,
CN7,#NUM!,,
A8,#VALUE!,,
B8,FALSE,,
CF8,#NUM!,,
CG8,#NUM!,,
CH8,#NUM!,,
CI8,#NUM!,,
CJ8,#NUM!,,
CK8,#NUM!,,
CL8,#NUM!,,
CM8,#NUM!,,
CN8,#NUM!,,
A9,#VALUE!,,
B9,FALSE,,
CF9,#NUM!,,
CG9,#NUM!,,
CH9,#NUM!,,
CI9,#NUM!,,
CJ9,#NUM!,,
CK9,#NUM!,,
CL9,#NUM!,,
CM9,#NUM!,,
CN9,#NUM!,,
A10,#VALUE!,,
B10,FALSE,,
CF10,#NUM!,,
CG10,#NUM!,,
CH10,#NUM!,,
CI10,#NUM!,,
CJ10,#NUM!,,
CK10,#NUM!,,
CL10,#NUM!,,
CM10,#NUM!,,
CN10,#NUM!,,
A11,#VALUE!,,
B11,FALSE,,
CF11,#NUM!,,
CG11,#NUM!,,
CH11,#NUM!,,
CI11,#NUM!,,
CJ11,#NUM!,,
CK11,#NUM!,,
CL11,#NUM!,,
CM11,#NUM!,,
CN11,#NUM!,,
A12,#VALUE!,,
B12,FALSE,,
CF12,#NUM!,,
CG12,#NUM!,,
CH12,#NUM!,,
CI12,#NUM!,,
CJ12,#NUM!,,
CK12,#NUM!,,
CL12,#NUM!,,
CM12,#NUM!,,
CN12,#NUM!,,
A13,#VALUE!,,
B13,FALSE,,
CF13,#NUM!,,
CG13,#NUM!,,
CH13,#NUM!,,
CI13,#NUM!,,
CJ13,#NUM!,,
CK13,#NUM!,,
CL13,#NUM!,,
CM13,#NUM!,,
CN13,#NUM!,,
A14,#VALUE!,,
B14,FALSE,,
CF14,#NUM!,,
CG14,#NUM!,,
CH14,#NUM!,,
CI14,#NUM!,,
CJ14,#NUM!,,
CK14,#NUM!,,
CL14,#NUM!,,
CM14,#NUM!,,
CN14,#NUM!,,
,,,
--- NAMED FUNCTIONS ---,,,
NOTE: Google Sheets API cannot directly enumerate named functions.,,,
To export them: Data > Named functions > click each one > copy definition,,,
"Alternatively, check if any cells use named function calls:",,,
Possible custom/named functions found:,,,
Function Name,Used In Sheets,,
postal,Matrix 1,,
a,Matrix 1,,
GET_RESPONSE,Matrix 1,,
TO,Matrix 1,,
RUNNING_ORDER_ALM,Matrix 1,,
PULL_REC,Assignment,,
ASSIGN_UNITS,Assignment,,
ARRAY_CONSTRAIN,Assignment,,
RUN_ORDER_INDEX,RunningOrderFull,,
,,,
--- MATRIX 1 DATA VALIDATIONS ---,,,
Cell,Criteria Type,Values,
C3,VALUE_IN_RANGE,"[{},true]",
D6,VALUE_IN_RANGE,"[{},true]",
C9,VALUE_IN_RANGE,"[{},true]",
C10,VALUE_IN_RANGE,"[{},true]",
F10,VALUE_IN_RANGE,"[{},true]",
C22,VALUE_IN_RANGE,"[{},true]",
D25,VALUE_IN_RANGE,"[{},true]",
C28,VALUE_IN_RANGE,"[{},true]",
C29,VALUE_IN_RANGE,"[{},true]",
F29,VALUE_IN_RANGE,"[{},true]",